{
    "I.A-E.1-N.A-G.A-R.A": 22.784043887395875,
    "I.A-E.1-N.B-G.A-R.A": 23.354017326953606,
    "I.A-E.1-N.C-G.A-R.A": 22.985553254821845,
    "I.A-E.1-N.D-G.A-R.A": 23.96777087294545,
    "I.A-E.1-N.E-G.A-R.A": 23.91697481428878,
    "I.C-E.1-N.A-G.A-R.A": 35.89906639187019,
    "I.D-E.1-N.D-G.A-R.A": 42.16941698209132,
    "I.E-E.1-N.A-G.A-R.A": 35.026738668618,
    "I.E-E.1-N.B-G.A-R.A": 33.70503453175092,
    "I.E-E.1-N.C-G.A-R.A": 33.2693632355658,
    "I.E-E.1-N.D-G.A-R.A": 35.33950914133864,
    "I.E-E.1-N.E-G.A-R.A": 36.066580632684946,
    "I.G-E.1-N.A-G.A-R.A": 35.53278482086525,
    "I.I-E.1-N.A-G.A-R.A": 38.000572940384686,
    "I.I-E.1-N.B-G.A-R.A": 36.757414019186164,
    "I.I-E.1-N.C-G.A-R.A": 33.361714684452004,
    "I.I-E.1-N.D-G.A-R.A": 36.66684390238174,
    "I.I-E.1-N.E-G.A-R.A": 36.80407094058593,
    "I.J-E.1-N.A-G.A-R.A": 31.361893265867312,
    "I.J-E.1-N.B-G.A-R.A": 32.43222524895079,
    "I.J-E.1-N.C-G.A-R.A": 32.49298648742476,
    "I.J-E.1-N.D-G.A-R.A": 31.52757991226766,
    "I.J-E.1-N.E-G.A-R.A": 32.65732741541886,
    "P.A-E.0-N.A-G.A-R.A": 23.33351459780737,
    "P.A-E.0-N.B-G.A-R.A": 24.661600343740957,
    "P.A-E.0-N.C-G.A-R.A": 23.589372801942332,
    "P.A-E.0-N.D-G.A-R.A": 22.957172422035455,
    "P.A-E.0-N.E-G.A-R.A": 22.908269944309737,
    "P.C-E.0-N.A-G.A-R.A": 34.16624209942902,
    "P.D-E.0-N.D-G.A-R.A": 32.51575363102346,
    "P.E-E.0-N.A-G.A-R.A": 34.473903557176186,
    "P.E-E.0-N.B-G.A-R.A": 33.42981048643576,
    "P.E-E.0-N.C-G.A-R.A": 33.76740016883853,
    "P.E-E.0-N.D-G.A-R.A": 33.309700139164335,
    "P.E-E.0-N.E-G.A-R.A": 31.689973265062807,
    "P.G-E.0-N.A-G.A-R.A": 38.019201540264426,
    "I.I-E.0-N.A-G.A-R.A": 31.515086560242604,
    "I.I-E.0-N.B-G.A-R.A": 37.06557161278813,
    "I.I-E.0-N.C-G.A-R.A": 36.11664063649798,
    "I.I-E.0-N.D-G.A-R.A": 38.41843215771727,
    "I.I-E.0-N.E-G.A-R.A": 35.29498491590489,
    "I.J-E.0-N.A-G.A-R.A": 33.426986108455104,
    "I.J-E.0-N.B-G.A-R.A": 32.84599048836637,
    "I.J-E.0-N.C-G.A-R.A": 33.08160648713255,
    "I.J-E.0-N.D-G.A-R.A": 33.10005895234839,
    "I.J-E.0-N.E-G.A-R.A": 33.09832822487239
}