tipo_preproc,mejor_modelo,ROC AUC,Accuracy,Balanced Accuracy,F1 Score,Recall,Precision,Time Taken,model_details
arboles,BernoulliNB,0.7126984126984127,0.7533333333333333,0.7126984126984127,0.7548285953177257,,,0.017267227172851562,"{'Accuracy': 0.7533333333333333, 'Balanced Accuracy': 0.7126984126984127, 'ROC AUC': 0.7126984126984127, 'F1 Score': 0.7548285953177257, 'Time Taken': 0.017267227172851562, 'tipo_preproc': 'arboles', 'Model': 'BernoulliNB'}"
red_neuronal,NearestCentroid,0.6388888888888888,0.6633333333333333,0.6388888888888888,0.6732077801790676,,,0.01092219352722168,"{'Accuracy': 0.6633333333333333, 'Balanced Accuracy': 0.6388888888888888, 'ROC AUC': 0.6388888888888888, 'F1 Score': 0.6732077801790676, 'Time Taken': 0.01092219352722168, 'tipo_preproc': 'red_neuronal', 'Model': 'NearestCentroid'}"
ensamble,NearestCentroid,0.626984126984127,0.6466666666666666,0.626984126984127,0.6583150183150182,,,0.00813603401184082,"{'Accuracy': 0.6466666666666666, 'Balanced Accuracy': 0.626984126984127, 'ROC AUC': 0.626984126984127, 'F1 Score': 0.6583150183150182, 'Time Taken': 0.00813603401184082, 'tipo_preproc': 'ensamble', 'Model': 'NearestCentroid'}"
reg_logistica,NearestCentroid,0.6103174603174604,0.6366666666666667,0.6103174603174604,0.6478814028100454,,,0.01913595199584961,"{'Accuracy': 0.6366666666666667, 'Balanced Accuracy': 0.6103174603174604, 'ROC AUC': 0.6103174603174604, 'F1 Score': 0.6478814028100454, 'Time Taken': 0.01913595199584961, 'tipo_preproc': 'reg_logistica', 'Model': 'NearestCentroid'}"
