{
  "model_name": "XGBoost Calibrado",
  "timestamp": "2025-11-13 08:57:59",
  "accuracy": 0.735,
  "precision": 0.8085106382978723,
  "recall": 0.8142857142857143,
  "f1": 0.8113879003558719,
  "roc_auc": 0.7585714285714286,
  "pr_auc": 0.8595884060214583,
  "accuracy_opt": 0.745,
  "precision_opt": 0.7633136094674556,
  "recall_opt": 0.9214285714285714,
  "f1_opt": 0.8349514563106796,
  "optimal_threshold": 0.1666666716337204
}